
{
  "Items": [
    {
      "proto_id": 0,
      "name": "Cursed Wind Card",
      "min_level": 20,
      "element": "WIND"
    },
    {
      "proto_id": 1,
      "name": "Ice Card",
      "min_level": 2,
      "element": "ICE"
    },
    {
      "proto_id": 2,
      "name": "Fire Card",
      "min_level": 4,
      "element": "FIRE"
    },
    {
      "proto_id": 3,
      "name": "Wind Card",
      "min_level": 5,
      "element": "WIND"
    },

    {
      "proto_id": 4,
      "name": "Magic Fire Card",
      "min_level": 10,
      "element": "FIRE"
    },

    {
      "proto_id": 5,
      "name": "Magic Ice Card",
      "min_level": 10,
      "element": "ICE"
    },

    {
      "proto_id": 6,
      "name": "Magic Wind Card",
      "min_level": 10,
      "element": "Wind"
    }
  ]
}